{
  "Name": "Advanced Character Mod / The Sex Mod",
  "Author": "Aubarino",
  "Description": "If this has been reuploaded to the workshop, do not download this mod. This mod is not meant to be published on the Steam Workshop and will soft-lock apon usage via anti-reuploading systems built into it. Adds advanced characters with a limb addon system, jiggle physics, nsfw content and more.",
  "ModVersion": "1.0",
  "GameVersion": "1.23+",
  "ThumbnailPath": "Icon.png",
  "EntryPoint": "Mod.Mod",
  "Tags": [],
  "Scripts": [
    "AAS.cs",
    "~ CONFIG ~.cs",
    "ADVCassets.cs",
    "classicCB.cs",
    "MainClass.cs",
    "Genitals.cs",
    "AchievementJoke.cs",
    "LimbInspectOverhaul.cs",
    "PopupEntry.cs"
  ],
  "Active": true,
  "UGCIdentity": null,
  "CreatorUGCIdentity": null
}